"Adamantina";54224,142;178323,41;228217,171;785582,034;1246346,757;124519,171;1370865,929;40475,5360063775
"Adolfo";22826,148;17782,937;27140,209;42622,327;110371,621;5118,367;115489,988;33611,7543655413
"Aguaí";121795,919;358840,73;151739,51;437984,526;1070360,685;244376,572;1314737,257;36637,5158701407
"Águas da Prata";25096,376;25550,804;36922,718;106278,688;193848,586;15155,406;209003,992;26771,3580120405
"Águas de Lindóia";10298,965;41438,678;114950,716;372529,721;539218,08;46385,86;585603,941;31760,7083740102
"Águas de Santa Bárbara";70378,677;9944,378;41021,111;82958,154;204302,32;12993,261;217295,581;36477,3511834816
"Águas de São Pedro";0;8858,841;31514,802;98194,675;138568,318;9286,817;147855,135;47027,7146946565
"Agudos";85373,367;1120495,303;207612,863;780808,117;2194289,65;444332,962;2638622,611;72779,5507102469
"Alambari";35450,074;11402,717;32355,482;42753,369;121961,643;7427,919;129389,561;22095,2119193989
"Alfredo Marcondes";9081,353;21154,99;24617,494;35648,145;90501,981;29852,924;120354,905;30671,4844546381
"Altair";48058,627;5048,541;29230,491;24150,276;106487,936;5786,449;112274,385;27708,3872161895
"Altinópolis";386045,395;28793,595;82123,3;296402,138;793364,428;40031,851;833396,279;53604,9578053644
"Alto Alegre";38450,218;7851,695;26679,913;34981,123;107962,95;5621,929;113584,879;28353,6892161757
"Alumínio";1155,379;2236917,868;117203,345;793351,243;3148627,836;833685,242;3982313,077;220394,76877525
"Álvares Florence";60047,108;4639,805;25587,09;30252,83;120526,834;3824,157;124350,991;34580,3645717464
"Álvares Machado";43126,087;121125,549;111961,378;335572,053;611785,067;98090,919;709875,985;29791,6730317274
"Álvaro de Carvalho";11040,51;2988,031;23331,816;19064,229;56424,586;2161,887;58586,473;11535,0409529435
"Alvinlândia";14785,63;3008,25;21289,36;17207,521;56290,761;2114,228;58404,989;18308,7739811912
"Americana";14187,998;4499621,881;1169763,33;7144793,007;12828366,216;2388913,567;15217279,783;64733,7223566947
"Américo Brasiliense";21524,539;363182,168;206818,123;506588,317;1098113,146;132330,503;1230443,649;30249,868448225
"Américo de Campos";38291,032;3852,177;33232,582;46794,721;122170,512;4631,782;126802,294;22129,5452006981
"Amparo";120904,072;2105977,151;372174,994;1830744,15;4429800,367;722355,147;5152155,514;73748,6654070225
"Analândia";46530,602;55494,842;35351,738;61449,911;198827,093;9486,911;208314,004;42556,4870275792
"Andradina";170531,469;808159,873;297745,612;1295767,928;2572204,882;273080,342;2845285,223;50729,8522474014
"Angatuba";198300,809;508780,547;127711,898;497926,495;1332719,749;141432,251;1474152;59689,516945378
"Anhembi";56225,58;19234,224;38943,673;44275,513;158678,99;10879,194;169558,184;25101,1375277572
"Anhumas";42784,181;7637,856;25164,508;26549,261;102135,806;3484,981;105620,787;26517,8978157168
"Aparecida";3002,998;39568,222;183286,905;762868,88;988727,005;52340,251;1041067,256;29125,6506266786
"Aparecida d'Oeste";27847,111;38503,623;24954,089;49290,585;140595,408;10944,231;151539,639;36915,8682095006
"Apiaí";259420,988;190903,342;116332,264;257956,291;824612,886;73099,893;897712,778;36328,4682125369
"Araçariguama";1760,733;1504367,05;135830,003;2112508,413;3754466,199;1060037,707;4814503,906;226149,838226314
"Araçatuba";136998,286;1312463,66;803250,216;5822670,179;8075382,341;942575,19;9017957,531;47233,9739001996
"Araçoiaba da Serra";29828,131;358400,839;167090,539;522977,879;1078297,388;127586,285;1205883,673;36713,2580222858
"Aramina";27475,441;3773,778;29777,843;76856,653;137883,714;12392,983;150276,697;27248,7211242067
"Arandu";92862,428;9501,675;35295,107;50612,103;188271,313;6546,662;194817,975;31585,2748054475
"Arapeí";2768,908;1887,547;21324,697;17210,205;43191,358;2376,675;45568,033;18456,0684487647
"Araraquara";124542,96;2194729,915;1257072,962;6924500,954;10500846,791;1452390,68;11953237,471;52244,9975130249
"Araras";174528,66;1569122,471;611475,853;3673554,205;6028681,189;913886,083;6942567,272;52622,7139337987
"Arco-Íris";28248,212;3645,73;14986,793;13120,455;60001,19;2094,713;62095,903;34383,1135105205
"Arealva";66917,908;18061,039;41911,349;87294,119;214184,414;12898,399;227082,814;27615,5677976408
"Areias";8333,767;1480,002;26213,31;19688,428;55715,507;2397,905;58113,412;15055,2880829016
"Areiópolis";22630,239;12987,426;53409,163;65257,559;154284,387;8776,101;163060,489;14959,6778899083
"Ariranha";22472,846;198111,9;52038,896;676702,037;949325,678;187585,562;1136911,24;121231,738110471
"Artur Nogueira";207404,495;318941,386;248271,341;689121,712;1463738,934;257998,305;1721737,239;32348,8884525778
"Arujá";44134,148;1393204,769;456647,894;4787584,375;6681571,185;1611798,977;8293370,162;91178,0180083115
"Aspásia";10329,13;2056,231;14201,728;11473,173;38060,261;1485,597;39545,858;22469,2375
"Assis";56956,795;675200,021;491705,084;2381900,859;3605762,76;476753,029;4082515,789;40093,4523839921
"Atibaia";305859,573;1833695,583;744743,295;4034661,197;6918959,647;1442072,796;8361032,444;59471,4554054727
"Auriflama";36448,745;40184,864;69482,265;189741,791;335857,665;22686,289;358543,955;24764,7434037851
"Avaí";249016,016;11779,377;33327,197;71769,962;365892,551;10201,28;376093,832;70774,1497929996
"Avanhandava";38333,36;7235,928;62365,673;81275,776;189210,737;10178,286;199389,023;16359,4538070233
"Avaré";154849,966;483492,486;428688,601;1879750,021;2946781,075;332140,924;3278921,999;37322,3985134428
"Bady Bassitt";19642,938;82367,89;92624,609;305637,979;500273,415;51575,103;551848,518;33565,3864120187
"Balbinos";16589,312;4811,167;28648,209;13341,383;63390,071;2010,359;65400,429;17642,4140814675
"Bálsamo";37092,377;46855,998;44542,767;122318,312;250809,454;27832,281;278641,735;32620,1984312807
"Bananal";11795,709;36130,381;59069,421;93761,83;200757,341;15261,043;216018,384;20205,6294079132
"Barão de Antonina";28042,81;2887,531;20522,39;21294,932;72747,665;2208,752;74956,416;22000,7091282653
"Barbosa";13932,561;4509,921;34220,36;49617,647;102280,489;6844,323;109124,812;14857,0200136147
"Bariri";88983,09;426105,012;179472,67;723694,352;1418255,124;205150,428;1623405,551;47495,7738736103
"Barra Bonita";20125,292;405060,551;181639,088;732206,507;1339031,439;176621,454;1515652,893;43473,2931677375
"Barra do Chapéu";70754,163;4986,453;27781,296;25568,106;129090,019;4648,005;133738,024;24049,2760294911
"Barra do Turvo";5097,223;5416,054;42933,558;60596,92;114043,755;11777,13;125820,885;16321,2978337009
"Barretos";251329,34;1315471,882;625247,805;3146637,758;5338686,786;564829,175;5903515,961;49852,7766743513
"Barrinha";30338,226;112693,333;165926,345;272051,402;581009,306;43806,991;624816,297;19132,1053646886
"Barueri";464,12;5741034,37;2282410,141;36185003,015;44208911,645;13818754,973;58027666,618;217955,748351087
"Bastos";461927,562;123142,997;110153,086;306440,458;1001664,102;65552,814;1067216,916;52582,6229798975
"Batatais";200057,769;532695,391;309286,69;1109478,862;2151518,713;265283,862;2416802,575;39945,8294767115
"Bauru";49289,643;2524991,881;1570814,18;10733608,532;14878704,236;1842664,187;16721368,423;45746,4193032997
"Bebedouro";117188,252;535906,051;370865,661;2466710,36;3490670,324;589814,213;4080484,537;55164,7925076721
"Bento de Abreu";36684,157;77654,509;22863,965;53272,578;190475,209;19984,566;210459,776;70957,4430209036
"Bernardino de Campos";37651,106;75862,582;58597,339;169941,979;342053,006;35897,238;377950,244;35018,0898730659
"Bertioga";8254,705;141038,881;454875,988;1318462,442;1922632,016;145045,054;2067677,07;32044,0918389486
"Bilac";124813,102;10506,76;37895,962;103764,105;276979,929;15596,817;292576,746;37247,1987269255
"Birigui";80294,46;720788,391;547944,686;2179371,339;3528398,875;418989,52;3947388,396;32313,0000245578
"Biritiba Mirim";471703,726;46492,911;132717,148;280352,889;931266,674;39749,194;971015,868;29710,120490775
"Boa Esperança do Sul";98617,081;33976,541;77746,827;144513,832;354854,28;25898,981;380753,261;25975,7989493792
"Bocaina";43685,843;33095,832;71175,229;111188,154;259145,058;22818,878;281963,936;23030,624520134
"Bofete";33004,035;24084,799;57485,84;84052,911;198627,585;13806,524;212434,109;18977,4976773271
"Boituva";29902,417;1115746,09;331520,89;1412349,422;2889518,819;503709,865;3393228,685;58517,0587373032
"Bom Jesus dos Perdões";14056,192;575826,055;114518,447;524790,85;1229191,543;233844,637;1463036,18;59412,636751269
"Bom Sucesso de Itararé";5368,545;12078,165;23248,737;19547,589;60243,036;3613,483;63856,52;16398,6954288649
"Borá";13495,84;23466,937;11528,515;19787,573;68278,865;5916,189;74195,054;91485,8865598027
"Boracéia";25545,06;193575,27;28494,395;204730,266;452344,991;66808,454;519153,445;108202,051896624
"Borborema";115708,776;37147,716;81903,718;242451,536;477211,745;40970,49;518182,236;33713,8735198439
"Borebi";22761,505;3665,512;22310,19;20404,136;69141,344;4801,988;73943,332;28417,8831667948
"Botucatu";165588,281;1498002,597;550504,369;3160156,426;5374251,672;605107,39;5979359,062;42080,8987275849
"Bragança Paulista";99838,174;1987758,259;748675,698;3946313,675;6782585,806;1171714,247;7954300,053;48137,5690839441
"Braúna";36630,741;6689,06;29032,923;43388,546;115741,269;4945,544;120686,813;21578,1893438226
"Brejo Alegre";22314,874;3598,637;20677,961;24671,31;71262,782;4412,344;75675,127;27221,268705036
"Brodowski";93166,358;147133,404;134494,493;414073,83;788868,084;105962,667;894830,751;37080,6709348583
"Brotas";109572,985;280079,79;131686,685;482124,959;1003464,419;120522,147;1123986,566;46756,793793419
"Buri";225588,326;54818,881;99504,385;250755,84;630667,432;53462,753;684130,186;34518,905393814
"Buritama";72979,446;155316,735;82493,996;274828,036;585618,214;41946,969;627565,183;37639,607928987
"Buritizal";39267,935;119328,791;32876,518;42011,06;233484,303;11003,823;244488,126;56555,199167245
"Cabrália Paulista";25609,109;17340,874;25045,665;29701,611;97697,258;5184,55;102881,808;23892,6632605667
"Cabreúva";35185,854;1863557,206;282544,292;2651030,382;4832317,735;1129015,689;5961333,424;118960,197637292
"Caçapava";23143,72;1890322,691;430221,897;2018774,412;4362462,72;852090,551;5214553,271;56898,8637911093
"Cachoeira Paulista";19887,221;54496,617;156847,736;405443,2;636674,774;36957,65;673632,424;20803,3236774652
"Caconde";249083,086;33498,821;83830,762;185525,681;551938,351;22456,588;574394,938;30402,5267559414
"Cafelândia";107405,166;170241,413;89667,674;243593,291;610907,543;71636,947;682544,49;39485,3922249219
"Caiabu";19484,968;3832,668;24116,477;20301,493;67735,606;2070,794;69806,4;17009,3567251462
"Caieiras";4923,69;1735180,595;455744,606;1894172,878;4090021,77;768836,378;4858858,148;47753,8442819515
"Caiuá";31769,709;2736,099;34465,425;23348,878;92320,111;3934,813;96254,924;17060,426090039
"Cajamar";276,713;2955318,873;497559,69;14021896,021;17475051,296;5238108,977;22713160,274;288289,293453152
"Cajati";186075,238;621420,512;148902,86;425561,239;1381959,848;373266,619;1755226,467;60283,9149265009
"Cajobi";23624,544;8703,355;52076,02;75926,337;160330,256;10586,069;170916,324;16882,2919794548
"Cajuru";145197,576;127357,841;131124,944;285864,868;689545,228;72203,935;761749,163;29468,0527272727
"Campina do Monte Alegre";34383,354;15552,313;33231,12;57611,072;140777,859;10309,057;151086,917;25906,5358367627
"Campinas";170416,993;11136726,898;5182393,178;42629969,335;59119506,405;13827268,516;72946774,921;61737,9427288615
"Campo Limpo Paulista";10544,411;737110,229;364156,102;1038525,602;2150336,345;380613,743;2530950,088;30299,8933077936
"Campos do Jordão";5938,459;131448,569;267718,156;930238,697;1335343,881;114464,396;1449808,277;28819,2155564832
"Campos Novos Paulista";82320,64;13825,911;29105,415;58714,153;183966,119;10739,012;194705,131;40220,0229291469
"Cananéia";38790,803;17593,97;73959,37;119982,166;250326,309;14084,128;264410,437;21359,5958478068
"Canas";2281,379;19677,572;31054,215;63843,677;116856,843;13203,612;130060,455;25402,4326171875
"Cândido Mota";116464,014;229211,85;133277,924;832948,84;1311902,627;206444,39;1518347,017;50594,7023325558
"Cândido Rodrigues";32513,445;12621,04;17585,306;36235,48;98955,271;8152,464;107107,735;40085,2301646707
"Canitar";8454,042;62468,977;30588,93;47861,798;149373,747;14945,083;164318,829;32531,9400118788
"Capão Bonito";288352,126;118233,748;226304,908;550333,294;1183224,076;85873,369;1269097,445;27280,0981277273
"Capela do Alto";43696,438;40582,496;106830,584;172141,942;363251,46;29102,264;392353,724;18837,8012291147
"Capivari";60898,208;1045163,303;297785,227;1086429,183;2490275,922;500533,647;2990809,569;54690,5893464506
"Caraguatatuba";14037,065;976219,397;721398,377;2522464,931;4234119,77;298115,74;4532235,511;38707,2808181741
"Carapicuíba";331,514;911392,742;1330519,42;3961459,183;6203702,86;651002,874;6854705,734;17290,3458318514
"Cardoso";81695,869;16170,172;66213,221;141886,416;305965,678;15154,145;321119,823;27418,0176741803
"Casa Branca";264213,818;131200,656;149670,015;508921,118;1054005,608;125135,987;1179141,595;39904,6192764561
"Cássia dos Coqueiros";218852,843;8449,43;20775,1;40743,244;288820,616;4290,508;293111,124;117904,716009654
"Castilho";111293,316;532894,123;124161,215;471492,896;1239841,551;148445,496;1388287,047;66307,8304914744
"Catanduva";53856,422;910267,106;506725,006;3239255,171;4710103,705;508257,607;5218361,311;44444,1149351866
"Catiguá";22122,727;12343,407;35461,173;72450,596;142377,902;10523,907;152901,809;20238,4922567836
"Cedral";37045,843;172293,312;54598,596;187027,413;450965,163;82138,984;533104,147;59933,0125913435
"Cerqueira César";107438,999;239459,606;93132,469;417797,78;857828,854;99085,131;956913,985;49452,919121447
"Cerquilho";75194,103;742604,22;215221,715;931036,135;1964056,173;379849,724;2343905,897;49942,5956064093
"Cesário Lange";62225,298;88444,887;90871,279;445274,14;686815,605;53753,477;740569,082;42659,5093317972
"Charqueada";21621,043;174764,359;74413,247;187873,344;458671,993;56450,585;515122,578;30168,2329721816
"Chavantes";26826,392;20929,378;64975,589;129521,785;242253,144;24091,627;266344,771;21779,7670291929
"Clementina";29694,728;23717,113;42157,702;77579,417;173148,96;13261,632;186410,592;22157,4458576013
"Colina";81769,326;459502,574;112413,987;687096,536;1340782,423;200890,58;1541673,004;87565,2052709304
"Colômbia";113624,842;80643,52;53138,69;94802,617;342209,67;31008,975;373218,645;61709,4320436508
"Conchal";46361,614;238864,193;126418,659;349403,836;761048,302;98225,971;859274,273;31308,9551102204
"Conchas";86114,502;32691,414;93455,353;188775,724;401036,992;31956,298;432993,289;25169,6383770273
"Cordeirópolis";60273,844;1298662,354;197078,759;1915957,766;3471972,723;635853,772;4107826,495;166883,05890717
"Coroados";63907,789;37004,816;30611,128;68661,543;200185,276;18591,938;218777,214;36639,9621503936
"Coronel Macedo";65678,684;10818,532;28508,377;31399,016;136404,608;4753,022;141157,631;29170,8268237239
"Corumbataí";38854,123;19007,579;31662,99;200435,336;289960,028;55065,565;345025,593;86930,1065759637
"Cosmópolis";26685,294;652548,775;332129,065;827086,144;1838449,277;271190,453;2109639,73;29213,3175932978
"Cosmorama";86572,891;139844,676;41587,71;145772,939;413778,215;93030,834;506809,049;72650,3797305046
"Cotia";31267,793;3684979,104;1172265,337;7573010,285;12461522,519;3652642,093;16114164,611;64102,3009244894
"Cravinhos";65544,974;463804,461;165770,606;745529,014;1440649,055;312487,819;1753136,873;50614,570343852
"Cristais Paulista";154882,564;23523,988;43540,115;107863,405;329810,073;16755,838;346565,911;40801,2610077702
"Cruzália";23109,825;5099,345;17065,842;76365,574;121640,586;16023,387;137663,972;65398,56152019
"Cruzeiro";12249,688;964748,265;358803,137;1342170,473;2677971,563;504401,221;3182372,784;39716,1140175719
"Cubatão";1326,057;12465419,7;796868,344;5836351,934;19099966,035;2846505,627;21946471,662;168786,553831955
"Cunha";46491,364;15695,85;98788,033;150424,248;311399,495;14962,764;326362,259;15067,5096491228
"Descalvado";154764,39;606766,077;176024,596;817834,082;1755389,145;325772,734;2081161,879;64004,2403432157
"Diadema";1127,148;5202146,679;1829677,772;7914093,828;14947045,427;3537310,107;18484355,533;45573,3181121116
"Dirce Reis";9389,9;21193,812;13520,937;18683,787;62788,436;7038,338;69826,774;40715,3201166181
"Divinolândia";164414,276;18570,639;51368,66;232712,139;467065,714;24391,661;491457,375;45233,0763920847
"Dobrada";15060,78;20855,94;42454,53;47907,212;126278,463;12648,112;138926,575;15462,0562047858
"Dois Córregos";111840,072;150386,967;124245,704;343848,172;730320,914;104978,22;835299,134;30764,9491363117
"Dolcinópolis";17233,571;2883,359;16784,083;20071,677;56972,689;1974,105;58946,794;28994,9798327595
"Dourado";28552,622;314882,638;49515,301;231733,8;624684,362;177614,783;802299,144;94767,2034018427
"Dracena";53745,88;200347,816;194977,933;865879,916;1314951,546;130026,396;1444977,941;32047,9493656849
"Duartina";16210,505;27923,342;60937,279;130967,207;236038,334;16587,341;252625,675;21156,1573570053
"Dumont";29209,02;58643,683;50164,566;154247,591;292264,859;50066,745;342331,605;35441,7232632778
"Echaporã";34664,062;7770,564;32686,551;66839,921;141961,097;10470,443;152431,541;24554,0497744845
"Eldorado";146214,404;12950,934;74408,078;86045,306;319618,723;9730,352;329349,074;21482,5565194704
"Elias Fausto";101618,804;371413,346;96498,853;300563,399;870094,402;134560,695;1004655,097;57543,6793058022
"Elisiário";15319,978;2722,802;24234,917;29479,387;71757,084;4293,722;76050,806;21617,6253553155
"Embaúba";11552,23;6253,928;18326,03;19026,534;55158,722;2041,498;57200,22;23773,9900249377
"Embu das Artes";397,817;1790455,934;1099631,667;8506889,409;11397374,827;2917378,931;14314753,758;52383,9546742002
"Embu-Guaçu";2757,21;279476,507;317595,864;590362,95;1190192,531;265932,836;1456125,367;21237,1525851382
"Emilianópolis";25690,611;5697,494;22579,865;22514,839;76482,809;2692,026;79174,834;25798,2515477354
"Engenheiro Coelho";48387,995;130542,389;96102,587;301599,581;576632,552;84420,621;661053,173;31653,5708197663
"Espírito Santo do Pinhal";174806,062;570660,663;186864,551;907642,998;1839974,274;225849,487;2065823,762;48449,1606744999
"Espírito Santo do Turvo";24141,225;4027,772;28650,882;30170,034;86989,913;4782,58;91772,493;18922,1635051546
"Estiva Gerbi";55493,171;92781,439;60521,225;133306,477;342102,311;47329,824;389432,135;34907,8643779132
"Estrela do Norte";19267,693;2896,191;20415,055;16302,326;58881,266;3565,166;62446,432;23405,7091454273
"Estrela d'Oeste";47013,073;322398,642;40625,238;252573,626;662610,579;90646,789;753257,368;93190,3214153161
"Euclides da Cunha Paulista";35911,63;6392,352;45991,363;42975,678;131271,023;5227,399;136498,422;14294,5252906063
"Fartura";97585,466;53953,657;77777,763;214081,615;443398,501;30313,803;473712,304;30213,1707379297
"Fernando Prestes";61991,458;25277,382;33580,899;70717,318;191567,057;14026,577;205593,634;36924,1440373563
"Fernandópolis";83864,046;383335,299;321907,815;1461339,829;2250446,989;218319,342;2468766,33;37331,4531762713
"Fernão";36213,35;3402,017;14526,132;23174,42;77315,919;3638,189;80954,108;48885,3309178744
"Ferraz de Vasconcelos";3345,067;1554618,945;721054,293;1877666,314;4156684,618;583988,687;4740673,305;24290,2181966306
"Flora Rica";16114,754;1695,894;13061,735;10249,123;41121,507;1034,637;42156,144;26765,8057142857
"Floreal";29772,115;4783,238;19889,238;24273,516;78718,107;3167,984;81886,09;28812,839549613
"Flórida Paulista";53191,975;26834,159;68907,19;103218,827;252152,152;12689,306;264841,457;21960,3198175788
"Florínea";35659,459;4959,845;22458,78;89442,547;152520,63;19427,948;171948,578;63755,4979606971
"Franca";159928,808;1608561,476;1438920,582;6913824,261;10121235,126;1154850,887;11276086,013;32798,2932364944
"Francisco Morato";657,915;127499,056;658442,041;988959,398;1775558,41;96908,402;1872466,812;10618,1416760233
"Franco da Rocha";4528,066;1336799,082;607769,478;1871367,84;3820464,465;477406,26;4297870,725;27925,8411142083
"Gabriel Monteiro";28442,691;16276,463;18157,761;26511,248;89388,163;4316,736;93704,899;35003,6977960403
"Gália";50283,365;11685,908;33852,374;67199,592;163021,239;9698,139;172719,377;26421,8107694661
"Garça";123187,009;217931,225;186022,885;1045772,679;1572913,798;152313,987;1725227,785;40703,734457945
"Gastão Vidigal";21817,456;4534,497;23337,259;31816,826;81506,037;4322,031;85828,068;17839,964248597
"Gavião Peixoto";47791,742;739454,245;39175,792;197164,038;1023585,817;160599,234;1184185,051;255929,338880484
"General Salgado";55733,829;12628,317;53622,205;135424,323;257408,674;17690,617;275099,291;25874,6511474793
"Getulina";74848,338;6035,606;53761,451;73131,432;207776,827;8210,749;215987,576;19895,6868091378
"Glicério";32201,396;17461,264;29046,354;39801,549;118510,563;6803,543;125314,106;26315,435951281
"Guaiçara";28038,137;32268,427;57415,861;83097,326;200819,751;31421,201;232240,952;19281,1085097551
"Guaimbê";26372,233;349668,16;25930,348;33408,804;435379,544;7582,317;442961,861;79856,1133946277
"Guaíra";262394,707;911598,262;223190,265;1011424,379;2408607,612;296237,644;2704845,256;69082,2203606273
"Guapiaçu";68217,484;284893,638;94570,406;343739,707;791421,234;104994,045;896415,279;42564,8280626781
"Guapiara";186970,175;50975,556;86038,301;97990,356;421974,389;17137,14;439111,528;24624,9174517721
"Guará";54094,026;101736,603;114425,324;298764,004;569019,957;49185,537;618205,494;29569,3066437079
"Guaraçaí";151152,556;14884,404;47542,011;99408,666;312987,637;13584,027;326571,664;38877,579047619
"Guaraci";89255,008;74477,799;62792,791;110723,041;337248,638;38204,151;375452,79;33977,6280542986
"Guarani d'Oeste";6343,309;2916,658;14943,575;11395,893;35599,435;1440,071;37039,506;19321,5993740219
"Guarantã";64115,506;22445,503;36297,544;60246,439;183104,992;13213,769;196318,761;30272,7464919044
"Guararapes";234718,728;231377,231;152933,001;483626,647;1102655,606;97022,02;1199677,625;37303,4087375622
"Guararema";50979,23;370827,15;149825,75;751161,711;1322793,841;223947,425;1546741,266;52015,7810734463
"Guaratinguetá";49627,11;2657654,269;538107,546;3075538,379;6320927,304;1556954,888;7877882,192;66345,088823574
"Guareí";74506,453;52384,565;82014,273;83287,362;292192,653;21487,978;313680,631;19798,0706261045
"Guariba";68503,907;250885,216;185248,069;512977,842;1017615,034;117518,593;1135133,627;28894,8358661067
"Guarujá";50432,474;1150370,014;1737251,69;5976188,25;8914242,428;1580009,955;10494252,383;32920,6659984817
"Guarulhos";57763,458;17040800,632;5882058,391;40037172,291;63017794,772;14358671,95;77376466,722;56816,6721165581
"Guatapará";87618,689;13970,958;51313,309;74247,527;227150,484;18212,529;245363,012;32793,773322641
"Guzolândia";23193,226;5722,325;29312,786;31713,387;89941,724;3643,295;93585,019;18228,4805220101
"Herculândia";87683,163;73605,696;46025,59;118033,875;325348,324;30607,131;355955,455;38233,6686358754
"Holambra";509243,385;228721,833;83856,88;498745,64;1320567,738;142833,667;1463401,405;99476,6776561757
"Hortolândia";1574,644;5178931,114;1088111,935;8314851,018;14583468,711;3794353,013;18377821,724;78689,6985801634
"Iacanga";73945,092;48278,72;63165,056;379964,829;565353,697;92656,245;658009,942;57669,5829973707
"Iacri";99988,374;27681,229;30834,88;127935,424;286439,907;30355,525;316795,432;50646,7517186251
"Iaras";42584,054;10675,133;46904,99;56934,427;157098,603;11823,657;168922,26;24329,8660521388
"Ibaté";50894,146;407365,102;155997,629;422490,184;1036747,062;122506,423;1159253,485;33079,941930145
"Ibirá";48698,129;62072,376;61802,299;126892,359;299465,164;18661,11;318126,274;26222,0799538411
"Ibirarema";40776,07;28914,675;36499,159;109952,565;216142,469;28471,93;244614,399;32313,6590488771
"Ibitinga";103103,807;407690,466;262815,579;994118,846;1767728,698;197493,828;1965222,526;33388,0823309548
"Ibiúna";457846,327;391626,046;376554,739;904426,913;2130454,025;240131,526;2370585,551;30840,0945919575
"Icém";30442,17;46755,084;50868,999;74123,631;202189,884;7099,21;209289,094;25911,7362882258
"Iepê";83572,809;13880,299;52061,781;222617,793;372132,683;62223,143;434355,825;54684,1023542742
"Igaraçu do Tietê";15879,572;23366,218;104422,547;202869,944;346538,281;34646,222;381184,503;15747,521399653
"Igarapava";58077,579;163275,34;129816,965;780396,081;1131565,966;168071,276;1299637,242;43966,0771989175
"Igaratá";2694,457;24559,35;55878,919;128599,513;211732,239;28433,232;240165,471;25675,1626042335
"Iguape";102580,484;800549,085;158330,72;497572,56;1559032,85;29587,59;1588620,44;53751,3260023685
"Ilha Comprida";5569,439;847859,843;96872,878;397962,489;1348264,649;15296,458;1363561,107;130985,697118156
"Ilha Solteira";73083,216;39867,795;142701,463;408260,417;663912,892;42162,057;706074,949;27416,1275530015
"Ilhabela";4355,183;9689118,052;311820,102;3816794,074;13822087,41;134530,851;13956618,262;412661,312852961
"Indaiatuba";46618,663;6772161,333;1241521,091;9716238,747;17776539,834;5040577,052;22817116,886;92992,1704148089
"Indiana";18006,03;3921,954;27571,412;33369,854;82869,249;4098,981;86968,231;18228,5120519807
"Indiaporã";27338,074;5859,752;24646,943;48191,812;106036,581;5066,402;111102,983;28880,4218871848
"Inúbia Paulista";9787,826;7679,618;22845,558;81553,699;121866,701;14814,16;136680,861;34929,9414771275
"Ipaussu";37047,84;123713,003;76943,805;210477,649;448182,298;50916,287;499098,585;34236,423720675
"Iperó";21813,286;308392,806;168088,442;333669,815;831964,349;137729,475;969693,824;27864,7650574713
"Ipeúna";24395,317;486813,768;42254,994;272643,298;826107,378;121804,417;947911,795;122929,813902218
"Ipiguá";19588,334;24359,218;26170,561;39831,129;109949,242;14309,515;124258,756;23507,1426409383
"Iporanga";7278,938;2987,449;28850,987;22229,423;61346,797;2112,567;63459,365;14344,3410940326
"Ipuã";75494,416;40963,4;90859,553;203006,802;410324,171;32390,893;442715,064;27667,9622523592
"Iracemápolis";22556,37;714975,253;122989,775;749838,887;1610360,285;517564,974;2127925,258;89008,4601999414
"Irapuã";73483,694;9689,122;36457,898;59246,677;178877,391;7346,026;186223,417;23976,2349684563
"Irapuru";21815,73;2638,134;35733,851;44503,456;104691,171;4904,053;109595,224;15023,3343385881
"Itaberá";304163,077;34937,953;91961,078;485005,752;916067,861;100051,175;1016119,036;57684,8728924212
"Itaí";301407,217;68359,7;126863,006;347177,372;843807,294;81089,428;924896,722;34607,9222450889
"Itajobi";195824,674;238575,004;79969,036;333653,222;848021,937;87197,858;935219,794;64047,3766607314
"Itaju";45850,604;79572,071;23865,143;59660,515;208948,334;23308,166;232256,5;62976,2744034707
"Itanhaém";65653,361;159891,15;542815,013;1451541,936;2219901,459;149373,299;2369274,758;23751,8897855661
"Itaoca";9352,341;6907,746;19520,179;15328,072;51108,337;2236,916;53345,253;16738,3912770631
"Itapecerica da Serra";26749,485;767377,049;725528,599;2720393,811;4240048,944;669249,804;4909298,748;28688,7136621027
"Itapetininga";411249,541;1394942,5;685169,449;3095970,818;5587332,307;772390,288;6359722,596;39376,892903801
"Itapeva";991508,663;477193,322;431700,823;1560789,808;3461192,616;327799,862;3788992,478;41129,7122108485
"Itapevi";364,666;1967818,035;1016204,434;7477096,427;10461483,562;2393511,456;12854995,018;53307,0496288617
"Itapira";76928,681;1922953,26;353902,095;1743951,181;4097735,217;658596,209;4756331,426;66420,8608694438
"Itapirapuã Paulista";3028,786;2864,271;24442,448;19853,768;50189,273;2400,934;52590,208;12479,8785002373
"Itápolis";157620,108;315905,16;202192,969;784293,487;1460011,724;170808,184;1630819,908;39157,2202266615
"Itaporanga";65058,739;12969,588;69996,493;142140,633;290165,452;15348,801;305514,254;20769,1539089055
"Itapuí";23467,57;300836,91;65153,213;466055,325;855513,018;148215,97;1003728,987;72143,24638827
"Itapura";35615,413;4324,714;29815,317;30535,108;100290,552;4337,037;104627,589;21073,0290030211
"Itaquaquecetuba";15805,816;2351745,61;1324841,272;4428777,879;8121170,577;1398447,129;9519617,706;25385,8503028024
"Itararé";172774,078;118452,578;218485,133;580730,102;1090441,892;91982,12;1182424,012;24057,946489247
"Itariri";109346,831;13139,103;76866,312;204462,196;403814,441;35166,021;438980,463;25168,0118679051
"Itatiba";840129,835;2385197,969;612781,673;2904492,795;6742602,272;1502895,312;8245497,584;69241,019649995
"Itatinga";47195,842;58661,719;93133,09;162822,867;361813,518;34846;396659,517;19114,278961064
"Itirapina";97283,467;257539,88;106989,752;382847,624;844660,724;428523,126;1273183,85;73662,5694283731
"Itirapuã";73242,756;9458,206;32245,552;41938,037;156884,551;4950,215;161834,767;25643,2842655681
"Itobi";65156,294;17152,859;33120,573;71342,018;186771,744;11594,307;198366,051;26073,3505520505
"Itu";61727,529;2778956,096;785615,934;4851515,989;8477815,549;2062997,369;10540812,918;61664,5387099416
"Itupeva";90568,245;2380931,761;413889,302;3601852,833;6487242,141;1936036,847;8423278,988;139793,859231599
"Ituverava";124876,142;500864,603;191840,232;801006,844;1618587,821;288605,296;1907193,117;47286,1705551286
"Jaborandi";53492,19;8042,021;36614,163;49075,616;147223,99;6054,003;153277,993;22942,372848376
"Jaboticabal";247869,658;697109,406;389442,189;1831272,797;3165694,051;435489,139;3601183,19;48434,2477673768
"Jacareí";38511,705;5105906,944;954072,132;6611049,404;12709540,185;3384894,543;16094434,728;70231,3843334221
"Jaci";32379,736;290062,665;37440,558;221721,283;581604,242;95203,85;676808,092;95973,9211571185
"Jacupiranga";122648,56;30011,007;86628,828;253282,227;492570,623;38518,541;531089,163;30810,9974473516
"Jaguariúna";20779,595;3759802,801;379153,169;6870415,167;11030150,731;2951150,786;13981301,517;252019,783279557
"Jales";88022,246;355472,671;219012,819;1139428,481;1801936,217;180189,158;1982125,374;41956,8471698912
"Jambeiro";12071,354;112580,984;38485,871;96688,358;259826,567;93077,47;352904,037;56266,5875318878
"Jandira";729,331;1244034,616;552277,477;2246180,48;4043221,904;865138,334;4908360,238;39285,7390587482
"Jardinópolis";100311,166;227269,233;239951,348;825790,259;1393322,007;187438,474;1580760,481;36542,6159554302
"Jarinu";55015,372;565116,712;192492,104;1683142,428;2495766,616;501632,94;2997399,556;98826,2300032971
"Jaú";125734,564;878277,38;644925,339;3302757,538;4951694,821;630699,94;5582394,761;37563,3003909483
"Jeriquara";97912,801;9837,269;21196,972;34950,275;163897,317;5040,076;168937,393;53784,5886660299
"Joanópolis";25635,617;13741,125;63361,833;141279,273;244017,848;17539,768;261557,616;20562,7056603774
"João Ramalho";84115,008;2976,951;23600,407;33336,969;144029,335;4645,994;148675,33;33759,1575840145
"José Bonifácio";166490,548;272609,518;194282,52;626318,305;1259700,891;122050,123;1381751,014;38139,3638797648
"Júlio Mesquita";9938,735;1690,562;23464,639;20852,077;55946,013;2896,933;58842,947;12632,6635895234
"Jumirim";18361,669;86777,174;20608,189;55533,029;181280,062;32719,492;213999,554;64014,2249476518
"Jundiaí";185537,439;11700443,691;2239148,491;29583739,437;43708869,059;13962023,647;57670892,706;140853,442652019
"Junqueirópolis";73462,948;177594,526;98820,88;380557,884;730436,239;77442,925;807879,163;40045,5617626648
"Juquiá";89324,04;21741,048;86907,696;148761,986;346734,77;19724,626;366459,396;19434,6306745863
"Juquitiba";1252,926;78290,446;134189,67;306244,897;519977,939;54019,281;573997,22;18770,9611171065
"Lagoinha";11329,111;3547,553;25593,956;30228,134;70698,754;3268,285;73967,039;15342,675585978
"Laranjal Paulista";40153,573;509863,048;146191,816;502218,974;1198427,411;212673,592;1411101,003;50320,9829184794
"Lavínia";69549,161;4258,765;52775,844;50632,822;177216,593;7679,395;184895,988;21814,061821614
"Lavrinhas";5803,588;22491,291;39864,726;50203,183;118362,789;14954,309;133317,098;18470,0883901358
"Leme";111181,589;983962,352;459955,021;1929158,941;3484257,903;617608,642;4101866,544;40335,7806732027
"Lençóis Paulista";97655,088;1872223,387;327595,869;1952286,818;4249761,163;674466,956;4924228,119;73832,0431666542
"Limeira";113031,059;4846073,774;1324328,677;7194792,767;13478226,277;2582512,534;16060738,811;53956,2954324032
"Lindóia";9518,671;76442,616;43819,052;91644,672;221425,01;24753,768;246178,779;31605,9544229041
"Lins";70627,343;3089440,83;300941,295;2421186,445;5882195,913;881694,143;6763890,055;89804,4299503439
"Lorena";18505,743;1316995,55;368780,192;1702224,4;3406505,885;470157,583;3876663,467;44583,9482358083
"Lourdes";8581,456;1979,826;17220,932;14230,276;42012,49;1476,686;43489,176;19921,7480531379
"Louveira";37358,866;5764020,101;326980,049;9636000,876;15764359,891;3912790,699;19677150,59;401861,545798019
"Lucélia";35246,051;142852,412;104868,651;243594,022;526561,136;57710,145;584271,282;27701,0848663
"Lucianópolis";26831,011;2953,541;18427,169;19569,077;67780,797;2684,578;70465,375;31124,2822438163
"Luís Antônio";90672,033;872248,358;97912,357;332391,495;1393224,243;163382,277;1556606,521;108413,882225937
"Luiziânia";25156,373;4672,184;28993,253;32076,789;90898,598;2910,114;93808,712;16137,7450541889
"Lupércio";19870,025;15263,583;25569,845;32156,673;92860,127;5476,76;98336,886;22207,9688346884
"Lutécia";50510,647;6703,815;19554,955;21320,834;98090,252;3082,866;101173,117;38689,5284894837
"Macatuba";33949,897;82702,954;79429,692;364670,144;560752,686;83030,229;643782,915;37911,9554207644
"Macaubal";55945,013;8253,751;35699,717;85914,091;185812,572;11139,219;196951,791;25452,5447143965
"Macedônia";31397,42;6711,848;24948,074;25016,834;88074,175;2856,604;90930,779;25528,0120718697
"Magda";39341,008;5487,237;20299,581;34183,619;99311,445;4816,58;104128,024;33851,7633289987
"Mairinque";22658,27;990050,729;250616,534;989066,471;2252392,004;442723,815;2695115,819;57873,6030191759
"Mairiporã";1026,728;439959,434;405640,392;1139823,038;1986449,592;301642,029;2288091,621;22873,1393426235
"Manduri";69510,14;38516,836;46612,702;109164,946;263804,624;28103,568;291908,192;30527,9431081364
"Marabá Paulista";82794,916;5128,944;36865,669;28518,134;153307,664;3703,326;157010,99;31770,7385673816
"Maracaí";81317,267;67438,835;74799,869;245176,044;468732,015;48665,801;517397,816;38252,0934496525
"Marapoama";37043,072;12995,587;23401,81;37276,323;110716,792;8977,615;119694,406;40921,1644444445
"Mariápolis";29656,761;3686,543;21020,44;20335,457;74699,202;1782,47;76481,673;19221,3302337271
"Marília";93385,45;1380456,954;1057288,483;6118664,579;8649795,467;1106164,979;9755960,446;41943,2604869325
"Marinópolis";9334,689;2086,23;14129,652;13107,037;38657,608;1409,33;40066,938;19115,9055343511
"Martinópolis";169680,7;87075,361;133106,383;310024,342;699886,786;55063,661;754950,447;29286,6183179455
"Matão";75388,306;2091848,538;349245,452;2049721,336;4566203,631;790367,692;5356571,323;66811,8258163495
"Mauá";22,476;7756771,51;1810087,054;7936387,777;17503268,817;3272943,928;20776212,745;44840,2953027811
"Mendonça";22399,981;121950,078;36115,589;149489,646;329955,294;44829,49;374784,785;73936,6314855001
"Meridiano";40163,573;168841,189;27332,622;116133,402;352470,786;41371,685;393842,471;105729,522416107
"Mesópolis";43033,586;3123,952;15979,377;16358,319;78495,234;3119,895;81615,128;43114,1722134179
"Miguelópolis";198445,634;442258,151;117465,388;230862,465;989031,638;27105,29;1016136,928;47262,1826976744
"Mineiros do Tietê";31033,258;36451,043;58851,522;81089,288;207425,112;18832,296;226257,409;17898,6954354877
"Mira Estrela";16877,594;5056,605;21135,896;24736,617;67806,712;2554,915;70361,627;23859,486944727
"Miracatu";66972,288;27338,093;95529,134;232067,527;421907,042;35046,015;456953,057;22892,292821001
"Mirandópolis";153563,244;95679,717;121763,883;310447,962;681454,806;57287,434;738742,24;25726,7017238377
"Mirante do Paranapanema";136704,39;155338,587;87262,364;174756,508;554061,849;52855,625;606917,474;34037,2090180024
"Mirassol";47868,45;695647,435;276931,923;1293726,584;2314174,392;346159,64;2660334,032;45779,4264867841
"Mirassolândia";76241,233;44074,562;26522,806;51176,863;198015,463;15279,508;213294,971;45036,9448902027
"Mococa";216964,815;752040,895;320872,626;1389338,352;2679216,688;364475,21;3043691,898;45619,5671098188
"Mogi das Cruzes";538093,689;4765447,415;1881376,429;9446543,059;16631460,593;2973056,869;19604517,461;44873,610236608
"Mogi Guaçu";269941,874;1916750,466;719540,984;3010575,411;5916808,735;948577,474;6865386,209;46054,4720904804
"Mogi Mirim";215753,186;1540839,884;544512,084;2918109,015;5219214,168;1094349,674;6313563,842;69642,320416515
"Mombuca";24900,335;30102,07;25990,335;35638,196;116630,936;7886,537;124517,473;37303,0176752547
"Monções";8345,978;6710,647;18772,309;19728,284;53557,217;4704,839;58262,056;26811,8067188219
"Mongaguá";6363,217;139857,338;315587,696;717173,344;1178981,595;75623,69;1254605,285;22721,7705918574
"Monte Alegre do Sul";64320,06;22128,038;43868,357;95325,886;225642,341;26575,552;252217,893;32368,8261036961
"Monte Alto";259964,846;623780,456;228706,034;1018818,591;2131269,927;303970,148;2435240,075;50243,2498091564
"Monte Aprazível";89782,696;167344,103;119768,946;325577,154;702472,899;64127,155;766600,054;32536,8216119859
"Monte Azul Paulista";48168,399;53560,146;99277,863;370222,627;571229,035;67933,463;639162,497;35252,4679830125
"Monte Castelo";45649,683;4061,499;23245,796;49311,349;122268,326;5819,5;128087,826;32142,4908406525
"Monte Mor";88146,894;2105530,839;292570,338;1150537,978;3636786,048;680977,537;4317763,585;71303,1720749732
"Monteiro Lobato";4866,788;10007,29;24468,21;36349,701;75691,989;7338,481;83030,469;18488,1917167669
"Morro Agudo";191536,341;293312,423;161933,116;471700,131;1118482,011;107436,078;1225918,089;37601,3891052971
"Morungaba";27003,63;256012,463;67703,797;186841,751;537561,641;95762,349;633323,989;47408,0387005015
"Motuca";36173,631;14866,367;26838,299;36679,589;114557,886;6137,986;120695,871;25872,6411575563
"Murutinga do Sul";26037,347;2087,377;28301,061;28329,257;84755,042;3272,029;88027,071;20552,6665888396
"Nantes";36995,988;2573,649;24665,294;65532,617;129767,548;12533,339;142300,887;45859,1321301966
"Narandiba";36387,629;301693,831;41936,442;176032,074;556049,976;83025,541;639075,516;130743,763502455
"Natividade da Serra";14285,492;2820,599;36722,854;35587,371;89416,317;3974,821;93391,138;13932,7372818141
"Nazaré Paulista";25909,522;87914,187;94917,664;204046,836;412788,21;52582,723;465370,933;25005,1546397292
"Neves Paulista";36596,522;48014,711;37967,576;123245,183;245823,992;30423,703;276247,695;32151,7335893855
"Nhandeara";62082,018;49513,981;60295,355;170199,328;342090,682;25685,959;367776,641;34179,9852230483
"Nipoã";20239,587;7473,15;26338,754;36311,104;90362,594;5529,228;95891,822;19124,814918229
"Nova Aliança";37295,395;70221,527;37123,238;156228,924;300869,085;25063,606;325932,69;50243,9787266841
"Nova Campina";22836,018;33543,707;50738,438;47653,803;154771,966;66307,314;221079,28;22589,0753039747
"Nova Canaã Paulista";16904,183;2218,559;13932,066;11890,548;44945,356;1359,249;46304,606;24104,4279021343
"Nova Castilho";31262,209;1547,828;14843,684;11557,653;59211,374;1453,601;60664,975;51410,9957627119
"Nova Europa";22829,125;131313,678;63485,241;124499,503;342127,547;35333,275;377460,822;34747,3830433582
"Nova Granada";104377,926;34425,078;92660,76;246278,236;477742;35086,707;512828,707;24357,7803267788
"Nova Guataporanga";3229,592;1933,131;15588,795;14554,127;35305,646;1469,146;36774,792;16776,8211678832
"Nova Independência";26717,58;82275,868;32068,612;54787,476;195849,536;17305,139;213154,675;56479,776099629
"Nova Luzitânia";10945,748;2796,63;21768,044;22923,67;58434,092;1779,675;60213,767;14747,4325251041
"Nova Odessa";11171,611;1199729,416;316937,673;1791037,4;3318876,101;701618,153;4020494,254;68738,1476149769
"Novais";16046,373;2314,801;29897,195;27496,091;75754,46;2905,985;78660,446;14109,4970403587
"Novo Horizonte";158112,501;173155,441;189013,168;883338,783;1403619,894;182335,227;1585955,121;40536,6302269707
"Nuporanga";76782,636;323151,75;46170,153;317397,031;763501,571;104590,042;868091,613;118965,549266822
"Ocauçu";57667,146;8462,643;26862,123;42198,121;135190,034;6176,204;141366,238;34121,7084238475
"Óleo";82106,15;5390,92;17363,064;20951,629;125811,763;2459,786;128271,549;50962,0774731824
"Olímpia";117750,639;648285,981;265224,635;1232950,114;2264211,369;286933,306;2551144,674;48436,390241124
"Onda Verde";43061,136;22135,5;27361,351;95642,824;188200,811;17434,99;205635,802;48384,8945882353
"Oriente";16499,305;13730,43;31892,082;48832,505;110954,322;18808,706;129763,028;20679,3670119522
"Orindiúva";40120,139;247543,221;41990,126;222996,126;552649,612;88191,564;640841,175;92194,0979715149
"Orlândia";47661,656;974741,561;208564,113;1017692,765;2248660,095;330745,973;2579406,068;60783,4401922896
"Osasco";1392,36;4963982,431;3286922,853;58664575,895;66916873,54;19194386,451;86111259,991;126100,873351824
"Oscar Bressane";42618,299;13757,006;18509,605;32686,322;107571,232;5310,523;112881,755;45008,6742424242
"Osvaldo Cruz";41703,545;266870,776;131802,504;525322,959;965699,784;121789,805;1087489,589;34792,9865945738
"Ourinhos";53262,239;579223,711;520559,525;2399698,474;3552743,949;408827,009;3961570,958;35677,2931852772
"Ouro Verde";31819;4093,279;43103,621;50970,587;129986,487;4999,293;134985,78;16251,598844209
"Ouroeste";44081,51;191542,515;77161,37;184148,166;496933,562;51806,692;548740,254;55591,1512511397
"Pacaembu";36833,352;5199,552;64972,309;100087,422;207092,635;10602,298;217694,932;16693,1164787976
"Palestina";100213,296;96730,214;62549,836;129659,472;389152,818;31267,145;420419,963;34404,2522913257
"Palmares Paulista";11179,501;7223,137;53012,775;59052,639;130468,053;5950,606;136418,658;10370,8877907861
"Palmeira d'Oeste";60534,637;12975,983;38115,289;94049,741;205675,65;9374,748;215050,397;23652,7053453586
"Palmital";110010,31;109062,39;111511,501;449959,811;780544,012;120082,556;900626,568;41678,3084825767
"Panorama";43883,204;23743,699;75871,318;156404,953;299903,174;17922,415;317825,589;20836,9231626565
"Paraguaçu Paulista";117848,385;433251,455;208124,881;854088,938;1613313,66;188434,347;1801748,006;40662,3336944256
"Paraibuna";14028,871;88997,674;89639,56;134366,902;327033,007;24739,27;351772,277;19218,3280703671
"Paraíso";37033,209;87834,598;34064,798;81043,847;239976,452;35336,201;275312,652;43749,0309868107
"Paranapanema";243678,76;37731,77;111471,593;456222,125;849104,248;96041,058;945145,306;46903,1465435959
"Paranapuã";57980,099;6058,881;22121,623;41222,199;127382,802;5682,147;133064,949;34163,0164313222
"Parapuã";113239,761;229653,756;52483,211;267073,034;662449,763;79336,037;741785,799;70828,39673446
"Pardinho";33737,293;78985,66;43416,371;177618,692;333758,016;34512,922;368270,938;56946,1787536725
"Pariquera-Açu";73700,156;37303,439;86011,323;340427,985;537442,903;48580,741;586023,644;30346,6233752783
"Parisi";15226,568;1575,295;17528,91;17336,671;51667,444;1952,446;53619,89;26117,82269849
"Patrocínio Paulista";394527,984;386103,137;72400,087;366420,826;1219452,034;141356,554;1360808,588;93257,1674890351
"Paulicéia";32861,025;24656,773;44687,198;87541,499;189746,496;10398,253;200144,75;27747,781782892
"Paulínia";18366,625;26746711,487;1228455,565;16124529,315;44118062,99;8271373,519;52389436,509;490625,078515841
"Paulistânia";13961,467;1865,428;17867,287;11916,293;45610,476;3026,215;48636,69;27493,8892029395
"Paulo de Faria";126868,006;11172,421;46504,62;75107,445;259652,492;10022,503;269674,996;31651,9948356808
"Pederneiras";116145,461;1125486,823;212007,17;1031294,767;2484934,222;581326,763;3066260,985;66836,5626566689
"Pedra Bela";24263,559;6354,5;32549,876;47984,05;111151,985;6924,052;118076,036;19764,9876129896
"Pedranópolis";33440,768;3676,919;19842,646;19568,365;76528,699;3358,012;79886,711;33120,5269485904
"Pedregulho";589565,748;651483,459;78725,55;355373,157;1675147,914;56215,889;1731363,803;106094,969238311
"Pedreira";10274,972;356878,015;226702,381;685061,34;1278916,707;223091,103;1502007,81;32020,2909951394
"Pedrinhas Paulista";21799,021;18484,151;21953,768;96780,102;159017,042;17635,358;176652,401;58591,1777777778
"Pedro de Toledo";32675,893;8575,559;53938,365;73920,552;169110,369;9498,514;178608,884;16156,3893260968
"Penápolis";96862,97;299214,439;314785,118;1174012,793;1884875,32;197582,971;2082458,291;34193,5944796558
"Pereira Barreto";115617,168;87880,215;130849,388;631252,452;965599,223;121886,271;1087485,494;42795,8558891819
"Pereiras";36557,559;106160,074;45466,485;96904,471;285088,589;32875,61;317964,199;37376,7719525097
"Peruíbe";28423,278;433602,555;360440,044;1045156,899;1867622,776;98624,527;1966247,303;29458,2123990591
"Piacatu";32846,471;5451,068;30152,738;45595,796;114046,072;4978,737;119024,81;20051,349393531
"Piedade";475444,061;167586,946;208790,21;622008,1;1473829,316;123254,098;1597083,415;29765,2343633517
"Pilar do Sul";139941,391;48206,132;131488,3;795120,558;1114756,381;161423,564;1276179,945;45007,2278257803
"Pindamonhangaba";43052,007;6276328,458;775303,52;4231574,697;11326258,683;2416239,802;13742498,486;83412,73595018
"Pindorama";32396,097;139678,398;80182,043;197578,818;449835,357;48965,545;498800,901;30543,1939868961
"Pinhalzinho";54127,241;31328,263;64722,874;139613,441;289791,819;24859,487;314651,306;21150,185252403
"Piquerobi";16621,751;3845,287;23239,478;20308,244;64014,76;3078,597;67093,357;18995,8541902605
"Piquete";4666,264;36176,23;54602,678;90118,282;185563,454;12290,66;197854,114;14525,6672784671
"Piracaia";34499,769;104961,994;119739,608;329290,946;588492,316;73203,287;661695,603;25084,1807119299
"Piracicaba";168945,818;9974330,039;1922643,897;14606754,804;26672674,559;7883049,291;34555723,85;88273,0566539963
"Piraju";91329,86;126489,912;140956,42;496909,843;855686,035;70517,313;926203,349;32439,1758545811
"Pirajuí";88930,161;37446,002;109070,085;269193,483;504639,73;35418,162;540057,892;23204,3435593366
"Pirangi";47357,201;73598,801;52153,959;160335,446;333445,407;31352,303;364797,71;33699,5575057737
"Pirapora do Bom Jesus";232,06;358646,969;104029,096;286915,08;749823,205;76849,109;826672,314;43193,0776947594
"Pirapozinho";34317,905;285286,432;126887,38;371560,44;818052,157;109728,949;927781,106;33829,757739289
"Pirassununga";128540,359;592377,464;387141,683;1720941,361;2829000,866;483331,373;3312332,24;44809,0832104544
"Piratininga";35313,439;22352,562;58754,494;141605,355;258025,851;20441,136;278466,987;20929,499210823
"Pitangueiras";97629,338;240279,826;177310,155;715107,412;1230326,732;159234,09;1389560,822;35765,4901163389
"Planalto";44812,981;44986,379;36093,825;50656,264;176549,449;17212,107;193761,556;37111,962459299
"Platina";44723,913;13437,68;24422,331;25511,078;108095,002;11923,906;120018,909;34018,9651360544
"Poá";3513,614;1004374,56;562104,846;1688507,023;3258500,043;510847,329;3769347,372;32413,6192761138
"Poloni";33294,854;30293,966;30755,434;45648,986;139993,24;14429,492;154422,732;27182,3150853723
"Pompéia";47880,902;841052,627;115359,259;653537,436;1657830,224;294031,211;1951861,434;91276,7225028058
"Pongaí";25946,722;4713,374;21905,071;37104,152;89669,319;4729,615;94398,934;28263,1538922156
"Pontal";81325,328;450923,587;224953,808;540579,857;1297782,58;165082,306;1462864,886;29322,3934334222
"Pontalinda";38924,762;3922,52;24128,747;27381,924;94357,953;3671,581;98029,534;21711,9676633444
"Pontes Gestal";23558,894;17561,669;21651,352;32158,988;94930,902;31731,809;126662,711;50064,3126482213
"Populina";46156,519;5126,137;26042,974;35944,338;113269,967;3989,86;117259,827;29484,4925823485
"Porangaba";65062,559;16478,762;46301,559;91472,273;219315,155;14419,112;233734,267;24918,3653518124
"Porto Feliz";227392,769;861156,651;267988,011;1505563,877;2862101,308;892564,355;3754665,663;72334,4763326719
"Porto Ferreira";65186,806;810504,629;265956,556;890768,826;2032416,818;463456,294;2495873,112;45986,5333677267
"Potim";2965,718;42569,123;104072,821;129450,598;279058,261;29401,174;308459,434;14819,0936343983
"Potirendaba";62041,144;186511,432;81259,743;231343,072;561155,391;59013,537;620168,928;37187,0796905918
"Pracinha";5252,385;2023,387;21417,133;11143,002;39835,908;1133,541;40969,449;14025,8298527901
"Pradópolis";38146,789;395874,063;129845,316;352138,853;916005,021;180520,562;1096525,583;51803,5424481504
"Praia Grande";5370,531;829936,303;1747690,357;5478764,798;8061761,989;666069,479;8727831,468;27188,8285276379
"Pratânia";41597,294;8319,528;28955,301;38295,405;117167,528;9199,365;126366,892;24254,6817658349
"Presidente Alves";24089,03;3404,973;21861,285;24925,976;74281,265;3051,527;77332,792;19280,1775118424
"Presidente Bernardes";54727,507;17709,227;68099,092;163406,16;303941,987;27972,159;331914,146;24204,3423029242
"Presidente Epitácio";95665,205;206442,422;187910,916;740222,661;1230241,205;95280,921;1325522,126;31200,501977215
"Presidente Prudente";44943,632;1206432,922;919877,186;6029074,765;8200328,504;1041863,462;9242191,967;41643,125408898
"Presidente Venceslau";33876,117;33624,736;149854,998;543918,302;761274,153;61855,89;823130,043;21672,1529975514
"Promissão";97930,104;869918,623;201300,014;702533,622;1871682,363;243682,774;2115365,137;52882,8063548411
"Quadra";64414,798;4907,805;28130,108;40333,172;137785,884;6736,719;144522,602;38590,814953271
"Quatá";56280,547;266167,478;67059,348;328347,114;717854,486;103304,426;821158,912;58549,6550445633
"Queiroz";101587,799;314269,632;28491,176;163503,105;607851,712;76881,633;684733,345;206307,124133775
"Queluz";4393,669;49016,47;68470,448;225259,917;347140,505;41382,636;388523,141;30508,2953278367
"Quintana";55401,526;71633,619;33547,315;89933,672;250516,132;25767,667;276283,799;42251,6897079064
"Rafard";20286,315;174144,116;45998,402;141670,81;382099,643;60782,858;442882,5;49132,7379631684
"Rancharia";283382,561;281459,334;143717,627;547758,116;1256317,637;125518,713;1381836,35;47888,9741812511
"Redenção da Serra";14008,206;3298,308;22062,525;24434,812;63803,851;3021,09;66824,941;17429,5620761607
"Regente Feijó";72280,677;119719,467;109415,958;534674,237;836090,34;147634,938;983725,278;50302,9902843117
"Reginópolis";69046,284;6299,308;46939,155;55621,67;177906,417;6968,699;184875,117;25662,8424486396
"Registro";114879,81;163775,815;270795,48;1531136,703;2080587,808;276821,519;2357409,327;43438,5355997789
"Restinga";65327,198;31185,788;43809,474;57624,834;197947,293;13804,438;211751,731;27954,0238943894
"Ribeira";14888,842;2321,653;18943,363;22349,047;58502,904;3578,356;62081,261;19160,8830246914
"Ribeirão Bonito";73855,425;31299,151;59740,268;184693,109;349587,953;22190,526;371778,478;28525,9324790915
"Ribeirão Branco";378479,394;22176,25;74591,408;107844,412;583091,465;12407,503;595498,967;33676,3539557767
"Ribeirão Corrente";206883,033;12518,718;30036,847;62648,775;312087,373;6970,458;319057,831;67913,5442741592
"Ribeirão do Sul";58713,303;12106,65;28719,939;104315,168;203855,06;20507,46;224362,519;51565,7363824408
"Ribeirão dos Índios";13530,595;2079,879;16996,59;12821,803;45428,867;1571,725;47000,592;22014,3288056206
"Ribeirão Grande";33355,353;7966,09;38330,653;33481,625;113133,721;3857,999;116991,72;15567,7604790419
"Ribeirão Pires";1771,047;868340,258;496761,422;1974789,715;3341662,443;549340,187;3891002,63;32604,6190264708
"Ribeirão Preto";120324,39;5374498,605;2865373,695;26672939,322;35033136,013;4922435,755;39955571,768;57999,593214631
"Rifaina";36130,572;40687,709;28658,969;70364,227;175841,477;15316,233;191157,71;55088,6772334294
"Rincão";47037,112;18982,225;52240,413;93798,312;212058,062;13985,125;226043,187;21515,6279268989
"Rinópolis";106189,324;54593,581;42651,161;121641,767;325075,833;23950,141;349025,974;35982,0591752577
"Rio Claro";112216,836;4767917,619;1035055,215;5155244,741;11070434,411;2174901,547;13245335,958;65477,2921809886
"Rio das Pedras";29941,306;401905,016;175137,138;834683,382;1441666,842;346014,566;1787681,408;51417,4358030373
"Rio Grande da Serra";843,112;162025,797;186092,794;506839,251;855800,954;104926,279;960727,232;19095,0098781627
"Riolândia";96918,132;14491,007;67408,638;79811,807;258629,584;10333,491;268963,075;23386,0599078341
"Riversul";27094,174;5038,52;28482,952;28006,545;88622,191;4174,139;92796,33;16320,142455153
"Rosana";70908,157;1508228,998;121058,863;208092,733;1908288,752;20167,548;1928456,299;105265,081823144
"Roseira";6311,252;90354,55;55619,889;180997,182;333282,872;41503,374;374786,246;34951,6223071902
"Rubiácea";33639,442;3548,239;20915,373;18347,839;76450,893;2499,438;78950,332;25159,4429572976
"Rubinéia";34686,171;4783,028;22660,468;36348,031;98477,697;4379,107;102856,803;34331,3761682243
"Sabino";72684,113;5164,994;31476,897;57895,85;167221,854;8253,762;175475,616;31991,9081130356
"Sagres";16300,252;2285,073;17808,494;16790,864;53184,683;1584,669;54769,352;23187,7019475021
"Sales";44360,384;6382,233;32929,688;78462,855;162135,16;7344,872;169480,032;27865,8388687932
"Sales Oliveira";67156,374;85088,256;53601,821;173985,042;379831,493;37405,997;417237,49;36030,8713298791
"Salesópolis";27911,065;11189,23;69563,599;128927,665;237591,559;14160,35;251751,908;14857,0025376217
"Salmourão";30980,728;4221,725;27979,726;30835,038;94017,216;2877,755;96894,972;18858,4998053717
"Saltinho";18640,608;65924,154;45259,454;189118,567;318942,782;58928,632;377871,414;47843,9369460623
"Salto";14776,445;2891896,873;553966,857;4214031,257;7674671,432;1628815,316;9303486,748;80140,9844860409
"Salto de Pirapora";19757,781;1024555,25;195077,919;666588,506;1905979,455;315497,258;2221476,714;49896,1572705629
"Salto Grande";43114,819;48822,264;46659,162;113272,933;251869,177;22074,026;273943,204;30021,1730410959
"Sandovalina";71526,328;144229,223;39558,516;51478,986;306793,052;12016,726;318809,778;74890,7159971811
"Santa Adélia";82701,045;9911,674;69164,102;197598,05;359374,872;23170,694;382545,565;25624,3261437471
"Santa Albertina";30195,349;55697,825;32799,254;77797,21;196489,638;18301,154;214790,792;37969,0281067704
"Santa Bárbara d'Oeste";37205,583;2030517,323;955416,19;3641483,469;6664622,565;1160883,937;7825506,502;41332,6282258491
"Santa Branca";7654,173;74785,447;73038,806;133136,413;288614,839;24203,745;312818,584;22010,8770053476
"Santa Clara d'Oeste";32616,507;13088,348;20225,579;25747,306;91677,74;5105,576;96783,316;48440,0980980981
"Santa Cruz da Conceição";26035,007;21339,892;32998,879;64182,381;144556,159;17094,521;161650,68;36974,0805123513
"Santa Cruz da Esperança";22280,32;3182,942;18943,848;17160,176;61567,286;1889,408;63456,694;30420,2751677852
"Santa Cruz das Palmeiras";59893,535;21537,978;142122,511;380846,13;604400,154;51574,185;655974,339;19275,7879286533
"Santa Cruz do Rio Pardo";183709,816;770808,261;243413,036;1248462,762;2446393,875;340512,232;2786906,107;60223,5739260092
"Santa Ernestina";15709,522;6348,247;30065,592;46813,366;98936,727;5435,979;104372,706;18884,1516193233
"Santa Fé do Sul";49563,016;245497,189;193499,542;723952,564;1212512,31;132368,505;1344880,815;43527,8769783474
"Santa Gertrudes";11776,002;2307247,556;164236,196;723287,443;3206547,198;689270,788;3895817,986;146613,652942947
"Santa Isabel";75738,403;339688,536;252992,035;803783,316;1472202,291;186530,378;1658732,668;29921,5792625731
"Santa Lúcia";39226,251;4057,202;38222,493;44589,409;126095,355;5032,477;131127,832;15265,1725261932
"Santa Maria da Serra";29119,759;26485,308;31762,629;55640,419;143008,114;10015,517;153023,631;24649,4250966495
"Santa Mercedes";19337,389;3217,578;18600,138;24690,615;65845,719;3221,813;69067,532;24544,2544420753
"Santa Rita do Passa Quatro";88082,72;115490,234;121169,83;408510,435;733253,219;92581,519;825834,738;31335,0308480364
"Santa Rita d'Oeste";20832,115;1877,796;17300,769;25363,914;65374,595;2760,168;68134,763;28520,2021766429
"Santa Rosa de Viterbo";42429,504;218541,814;125855,001;313616,038;700442,357;133001,744;833444,1;32389,4023006373
"Santa Salete";11391,71;2117,031;13588,408;12833,314;39930,463;2175,784;42106,248;29281,1182197497
"Santana da Ponte Pensa";12838,29;1769,976;13117,162;10938,256;38663,685;1249,494;39913,179;26662,1102204409
"Santana de Parnaíba";125769,367;2027288,28;1004321,29;6311003,897;9468382,834;2076520,648;11544903,483;82102,3459848097
"Santo Anastácio";80281,793;81044,873;89684,152;257093,12;508103,938;47696,99;555800,928;27643,5356609967
"Santo André";1385,093;7782624,984;2818755,748;17322921,87;27925687,694;4694606,898;32620294,592;46957,2287020949
"Santo Antônio da Alegria";81213,937;7656,974;41577,064;69243,969;199691,943;11829,961;211521,905;31755,2777360757
"Santo Antônio de Posse";226780,43;376094,552;121588,77;802556,542;1527020,295;343714,059;1870734,354;81240,906501064
"Santo Antônio do Aracanguá";109970,317;21800,531;63316,71;82896,563;277984,121;11694,016;289678,137;34913,5997348439
"Santo Antônio do Jardim";89678,809;11351,638;30209,145;77595,169;208834,761;13997,823;222832,584;38267,6599690881
"Santo Antônio do Pinhal";16760,97;7378,609;39101,693;77467,992;140709,264;7719,86;148429,124;22343,6886948668
"Santo Expedito";6470,526;3327,494;18406,667;17748,76;45953,447;1319,944;47273,391;15831,6781647689
"Santópolis do Aguapeí";11204,767;3838,978;24002,814;36716,096;75762,655;4890,763;80653,418;17167,607066837
"Santos";5248,939;2150156,228;2400186,743;15770943,804;20326535,714;3763637,383;24090173,097;56087,180357754
"São Bento do Sapucaí";39804,065;13677,018;51153,626;283080,376;387715,086;18932,122;406647,208;38584,9898472341
"São Bernardo do Campo";11195,535;13216248,199;3651104,667;29662760,19;46541308,592;11735705,473;58277014,065;71495,9766914609
"São Caetano do Sul";30,821;3515560,444;1532317,804;8183229,277;13231138,346;2335630,04;15566768,386;103015,454771658
"São Carlos";170583,18;3844335,362;1208302,393;6861133,828;12084354,763;2057499,606;14141854,369;57949,8695643266
"São Francisco";16633,994;2507,216;16043,426;14798,64;49983,276;1184,51;51167,786;19185,521559805
"São João da Boa Vista";125955,232;943016,747;422205,569;2146777,947;3637955,496;497234,248;4135189,744;47239,3358694038
"São João das Duas Pontes";16036,73;3694,699;17036,494;14414,448;51182,372;1429,642;52612,013;21334,9606650446
"São João de Iracema";19378,211;1440,394;15765,594;13452,91;50037,108;1440,996;51478,104;27780,9519697787
"São João do Pau d'Alho";19148,291;3111,482;16271,021;17640,906;56171,7;2321,272;58492,972;29646,716675114
"São Joaquim da Barra";54709,298;727988,648;228172,35;931319,947;1942190,242;248895,652;2191085,894;43342,3514727118
"São José da Bela Vista";95960,632;5787,293;48907,88;70175,342;220831,148;10685,994;231517,142;26422,864871034
"São José do Barreiro";9640,511;2432,084;26616,607;22349,784;61038,985;2308,225;63347,21;15552,9609624356
"São José do Rio Pardo";196939,838;472632,208;244885,405;1153489,695;2067947,146;307219,937;2375167,083;44581,4719860353
"São José do Rio Preto";64179,636;2145379,984;1854124,83;14508308,457;18571992,907;2390623,797;20962616,703;46546,2522354289
"São José dos Campos";25504,102;16459170,872;2884818,643;19457995,782;38827489,399;6381318,54;45208807,939;63080,179853716
"São Lourenço da Serra";1858,98;27606,501;72815,995;158623,601;260905,076;24506,689;285411,765;18154,8098085364
"São Luiz do Paraitinga";24929,186;12156,921;57574,176;97556,423;192216,706;12002,484;204219,19;19295,085978836
"São Manuel";118878,275;195029,982;159806,614;721870,938;1195585,809;144731,457;1340317,267;33779,8595443319
"São Miguel Arcanjo";391383,783;47114,506;140484,388;328949,807;907932,485;46292,618;954225,102;29712,7542269967
"São Paulo";61624,738;62513855,107;48453704,592;549767395,36;660796579,797;168184027,934;828980607,731;69575,4070051736
"São Pedro";64623,833;64260,756;165476,393;514870,525;809231,506;77104,449;886335,955;25759,5894850035
"São Pedro do Turvo";91072,717;24160,74;42698,862;61183,344;219115,663;15248,945;234364,608;31718,0414129111
"São Roque";45528,581;602986,495;395962,738;1906386,234;2950864,049;499914,63;3450778,678;39199,1398355144
"São Sebastião";15863,894;9764264,038;695835,071;5075980,831;15551943,835;456701,586;16008645,421;181594,507702255
"São Sebastião da Grama";140653,599;31465,975;54012,076;173855,553;399987,202;28504,652;428491,854;35920,1822449493
"São Simão";73197,787;60108,933;84468,756;223996,775;441772,251;59554,637;501326,889;33666,4353636425
"São Vicente";4375,988;510075,084;1568230,121;3598069,999;5680751,192;440507,908;6121259,1;16991,1317319062
"Sarapuí";41315,191;30057,453;48706,546;67773,753;187852,942;16057,933;203910,875;19979,5096021948
"Sarutaiá";43668,874;3996,137;21770,775;25356,998;94792,784;1764,938;96557,722;26439,6829134721
"Sebastianópolis do Sul";40418,681;193532,531;26257,953;114679,751;374888,915;42609,711;417498,625;126361,569309927
"Serra Azul";46604,064;11240,366;68651,422;62819,181;189315,033;6208,102;195523,134;15792,1923915677
"Serra Negra";84669,631;62088,45;127911,869;489895,096;764565,045;80557,315;845122,36;30747,3753911082
"Serrana";21355,507;227605,044;236601,738;722884,231;1208446,52;140603,744;1349050,264;30065,7513706263
"Sertãozinho";86717,477;2110801,327;660685,268;3249541,352;6107745,423;1001276,34;7109021,763;57727,4642137915
"Sete Barras";180937,473;23882,691;62559,381;98288,768;365668,313;13501,71;379170,022;29990,5103219173
"Severínia";19012,237;9149,505;84016,986;141189,913;253368,641;18542,86;271911,501;15751,1151595899
"Silveiras";11715,01;3987,86;40275,404;32206,108;88184,383;4374,183;92558,565;14833,1033653846
"Socorro";113684,979;134639,933;180394,994;581522,818;1010242,723;109976,763;1120219,486;28800,3775709585
"Sorocaba";43587,377;11416523,526;2960148;20709422,068;35129680,971;9403717,27;44533398,241;67094,7439294663
"Sud Mennucci";82363,193;9944,752;47715,315;74978,087;215001,348;11783,03;226784,378;29345,8046066253
"Sumaré";328221,75;4539680,55;1149288,71;7114201,096;13131392,106;3048499,845;16179891,951;56481,8089345184
"Suzanápolis";36433,753;142422,703;27419,425;96822,567;303098,448;38882,458;341980,906;85709,5002506266
"Suzano";365314,028;5291217,803;1214448,17;5335113,26;12206093,262;2605420,429;14811513,691;50471,3139976283
"Tabapuã";77407,832;11555,619;62127,838;121741,022;272832,311;14304,249;287136,559;24092,6798959557
"Tabatinga";78089,282;29679,683;77089,874;133545,56;318404,399;22019,046;340423,445;21281,7857589397
"Taboão da Serra";265,211;2086009,277;1252193,145;5310499,081;8648966,714;1642105,784;10291072,498;35838,0404241612
"Taciba";68762,806;10090,195;46713,717;54417,335;179984,052;6428,122;186412,175;30654,8552869594
"Taguaí";55797,041;20165,789;63891,786;171943,913;311798,528;31629,219;343427,748;25433,4405687625
"Taiaçu";28186,582;2699,843;28776,496;44400,285;104063,207;5844,161;109907,367;18172,5143849206
"Taiúva";24191,068;20237,949;31400,116;52322,844;128151,977;11499,124;139651,101;22290,6785315243
"Tambaú";78980,377;158476,676;95553,04;304125,371;637135,464;63283,609;700419,073;30658,2803554233
"Tanabi";132284,228;461061,387;124694,717;480104,57;1198144,902;125425,065;1323569,967;52633,3147890404
"Tapiraí";68949,22;11578,765;40565,281;55735,276;176828,541;8309,87;185138,411;24028,3466580143
"Tapiratiba";72223,91;25469,716;60004,652;125753,736;283452,014;17732,804;301184,818;23899,7633708935
"Taquaral";7715,097;1850,936;20223,797;14486,849;44276,679;2585,185;46861,863;17022,1078823102
"Taquaritinga";115944,357;235408,591;272970,048;885902,109;1510225,105;149789,279;1660014,384;30441,6640809815
"Taquarituba";132339,82;66621,372;100748,895;574067,49;873777,576;114374,371;988151,947;42508,472296309
"Taquarivaí";122948,156;16843,793;35426,188;157444,137;332662,275;34661,424;367323,698;63298,9312424608
"Tarabai";16002,304;14259,364;42013,462;60792,112;133067,241;35283,083;168350,324;22976,7058823529
"Tarumã";56414,134;342396,588;77491,177;316519,163;792821,062;104215,13;897036,192;59998,407598154
"Tatuí";154857,403;1324244,268;526084,162;2439454,528;4444640,36;631552,579;5076192,938;41882,0888929226
"Taubaté";29195,862;4619437,11;1494813,013;7062455,685;13205901,67;2994084,263;16199985,933;52345,3176200308
"Tejupá";74288,846;4616,711;25903,365;29408,651;134217,573;3898,761;138116,334;29342,752071383
"Teodoro Sampaio";125733,521;89635,136;103985,516;265524,496;584878,668;42149,592;627028,261;27874,1169593243
"Terra Roxa";42624,259;15260,385;45914,494;63207,555;167006,693;7928,553;174935,246;19076,9079607415
"Tietê";64791,462;734290,347;214403,526;854750,252;1868235,587;290166,646;2158402,234;52129,0238860041
"Timburi";24316,821;2843,964;19346,577;17936,369;64443,731;1857,549;66301,28;25990,3096824775
"Torre de Pedra";2822,443;2481,025;16230,499;14580,731;36114,699;1641,922;37756,621;16239,4068817204
"Torrinha";68706,213;27529,067;45387,966;120260,732;261883,978;22708,278;284592,255;29230,9218364832
"Trabiju";9226,651;4962,707;15981,989;12380,141;42551,488;2368,043;44919,531;26176,8828671329
"Tremembé";12195,007;180772,247;215319,233;398574,987;806861,473;89772,28;896633,754;19339,0077215081
"Três Fronteiras";23088,42;8711,591;31356,597;52012,067;115168,674;6866,863;122035,537;21988,385045045
"Tuiuti";43333,376;6697,597;31495,348;86971,045;168497,366;13293,095;181790,461;27556,5349401243
"Tupã";193785,747;289544,79;275150,707;1243051,898;2001533,142;211804,098;2213337,24;35289,1779336735
"Tupi Paulista";43825,339;9779,23;73728,046;193547,67;320880,284;19477,007;340357,291;22878,0863749412
"Turiúba";21508,551;2346,69;15777,222;15192,574;54825,036;1599,582;56424,618;29619,2220472441
"Turmalina";37998,619;3096,682;14853,303;15557,667;71506,271;2185,243;73691,514;41191,4555617664
"Ubarana";37290,128;79174,59;36674,157;50542,026;203680,901;8958,103;212639,004;34710,9049951028
"Ubatuba";31826,987;381498,027;482564,721;1654039,206;2549928,941;156012,23;2705941,172;30139,0164175447
"Ubirajara";30979,063;5088,472;32485,898;40952,197;109505,63;4962,101;114467,732;24438,0298889838
"Uchoa";38483,852;143054,14;50079,771;127884,479;359502,242;42338,267;401840,509;41473,8888430179
"União Paulista";20856,867;2472,881;16201,576;16340,222;55871,545;1723,214;57594,759;32892,4951456311
"Urânia";89081,036;31474,634;37625,921;107196,73;265378,322;20635,877;286014,199;33319,4546831314
"Uru";15392,137;1861,27;15184,252;12625,748;45063,406;1328,659;46392,065;38563,6450540316
"Urupês";96842,634;39978,607;75254,706;224435,235;436511,181;46813,323;483324,505;36668,2728928002
"Valentim Gentil";23344,673;141998,187;61920,349;160684,032;387947,242;49599,045;437546,287;33926,2066372025
"Valinhos";57997,585;1796025,796;657577,284;3845353,053;6356953,717;1612246,275;7969199,991;63348,1716295707
"Valparaíso";138004,542;449113,554;142460,757;379299,013;1108877,867;127419,021;1236296,888;51300,7547201129
"Vargem";12805,434;13569,871;42707,275;72837,108;141919,688;11481,792;153401,48;15197,2934416485
"Vargem Grande do Sul";59764,36;221264,678;174876,449;670165,935;1126071,422;161267,463;1287338,885;30883,2857931101
"Vargem Grande Paulista";43369,001;641802,059;275206,948;1368881,741;2329259,749;568943,038;2898202,787;54057,8364762278
"Várzea Paulista";2910,654;1326933,945;484951,255;1594687,474;3409483,328;556356,125;3965839,453;32645,4903030902
"Vera Cruz";23928,208;8141,643;48491,658;136683,118;217244,627;22948,823;240193,45;22862,5023795926
"Vinhedo";14330,505;3476251,858;554172,339;5428696,996;9473451,699;3084457,273;12557908,972;160095,728862825
"Viradouro";42303,844;60045,235;90416,126;209493,978;402259,183;41445,168;443704,352;24086,8764996471
"Vista Alegre do Alto";33887,394;150924,149;45133,927;144839,52;374784,99;50272,819;425057,809;52534,6445433197
"Vitória Brasil";7651,375;1930,555;13865,715;18826,427;42274,072;2904,564;45178,636;25655,1027825099
"Votorantim";3661,49;932430,123;549536,002;1897868,436;3383496,05;535740,197;3919236,248;32481,1145845419
"Votuporanga";63921,381;720558,066;387363,358;2277197,924;3449040,729;413498,922;3862539,651;41896,2356252644
"Zacarias";60922,172;13184,488;21355,46;29175,66;124637,781;5550,95;130188,73;50578,3721833722
